,artist,song_name,danceability,energy,key,loudness,speechiness,acousticness,instrumentalness,liveness,valence,tempo,lyrical_valence,pca1,pca2
0,Adele,Hello,=,=,=,=,=,=,=,=,=,=,=,-2.753804078435349,0.010097107165756944
1,Jesse & Joy,Fuego,+,=,=,--,++,=,++,++,++,=,--,29.36394305258263,0.13621733648630205
2,Dido,White Flag,=,=,=,--,=,=,++,=,=,=,--,9.24158454088386,0.3160274910680306
3,Trey Middleton,Worth Believin' In (Finale),-,=,=,--,=,++,=,=,=,=,--,-1.464430584275055,0.1107869235108997
4,James,Bitter Virtue,=,=,=,--,=,++,++,=,=,=,--,27.217598143514824,-0.013583667017873577
5,Tha Dogg Pound,Just Doggin',+,+,=,--,++,--,++,=,++,=,--,27.92451605779643,0.006212379721846616
6,Kany Garcia,Aquí (feat. Abel Pintos),=,+,=,--,=,-,=,=,=,=,--,-31.410836705102717,0.10098868614246921
7,Faith Hill,Lost,=,=,=,--,=,=,=,=,=,=,--,-14.82361575799699,-0.37111914816215524
8,G-Eazy,Free Porn Cheap Drugs,=,+,=,--,=,-,++,=,=,=,--,-31.87219971130487,0.018850498172455928
9,The Dead South,One Dying and a Burying,=,=,=,--,+,++,++,+,++,=,--,1.0778616830468175,0.09969982053052001
10,Jason Aldean,Who's Kissing You Tonight,=,+,=,--,=,--,=,=,+,=,--,7.384331854516783,0.2762952956525906
11,Queen,Keep Passing The Open Windows - Remastered 2011,=,++,=,--,++,-,++,+,++,=,--,0.07723586014165873,0.1261671027570939
12,Meek Mill,Use to Be,=,+,=,--,++,=,=,++,=,=,--,26.264191569233734,-0.09390076421097278
13,Cordae,Gifted (feat. Roddy Ricch),+,=,=,--,++,-,=,++,++,=,--,-9.708927706301147,-0.16622070579259013
14,Rascal Flatts,I Feel Bad,=,+,=,--,=,-,=,+,=,=,--,-27.074917939808252,0.276538639874988
15,Hopsin,I Need Help,+,+,=,--,++,-,=,+,=,=,--,-10.576193905665034,-0.26788584674427635
16,Lady A,Damn You Seventeen,=,+,=,--,=,=,++,++,++,=,--,3.2987353234206767,0.09054436537432181
17,Brittany Howard,Goat Head - EARTHGANG Remix,=,+,=,--,++,--,=,=,=,=,--,-7.36215289906525,-0.10573259828089754
18,Regurgitator,Love and Paranoia,=,+,=,--,++,--,++,++,=,=,--,-11.727890695843724,-0.31551580577349664
19,Hellogoodbye,Summer Of The Lily Pond,-,+,=,--,++,--,=,++,=,=,--,18.68121380897353,-0.2671262116804171
20,Lil Durk,Basically Fr,+,=,=,--,++,--,++,=,=,=,--,-11.78268885953926,-0.2821913388850221
21,The Dead Tongues,Ebb and Flow,=,=,=,--,=,--,++,=,+,=,--,4.36913816149981,0.25496487531843975
22,Grimes,California,=,+,=,--,++,--,++,++,+,=,--,43.18521689080837,0.46073711281842405
23,Lunay,Intro Envidia,=,+,=,--,+,+,=,++,=,=,--,7.149284215352399,0.40761172688807473
24,Okkervil River,Westfall,-,+,=,--,=,=,++,=,=,=,--,-22.91629681235318,0.3973890101975654
25,Blur,Mirrorball,=,+,=,--,=,--,++,+,+,=,--,-33.73148048020437,-9.05745546395917e-05
26,Silverstein,November,-,+,=,--,=,--,++,++,=,=,--,20.720964633314395,-0.11032468818936066
27,Thalía,Desolvidandote,=,=,=,--,=,-,=,=,=,=,--,-16.75059953167384,-0.3583314589150776
28,Mobb Deep,Streets Raised Me (feat. Big Noyd),=,+,=,--,++,--,=,+,++,=,--,18.95201064196165,-0.24420611603886833
29,Tech N9ne,H.O.B.,+,+,=,--,++,--,=,+,=,=,--,-13.668391652286425,-0.3013287152316573
30,JGrrey,Growing,=,=,=,--,++,++,++,=,++,=,--,11.272919010123097,0.4269679563706132
31,Placebo,Where Is My Mind? - XFM Live Version,=,+,=,--,=,--,++,++,=,=,--,-5.2193066804507104,-0.15086521316448478
32,Dru Hill,In My Bed - Radio Edit,=,=,=,--,+,=,=,-,=,=,--,16.46671292634607,-0.493681093161909
33,311,Creatures (For a While),=,++,=,--,++,--,=,++,++,=,--,29.901643349732037,0.16518866242081862
34,Radiohead,2 + 2 = 5,=,+,=,--,+,-,++,++,=,=,--,-11.149102979868095,-0.16160369033109895
35,Jeezy,White Keys,+,+,=,--,++,=,=,++,+,=,--,-0.7540747955029127,-0.04802450564941911
36,The Neighbourhood,Sadderdaze,=,=,=,--,=,--,++,+,=,=,--,-40.747000058776806,-0.2478017339988571
37,Ivan & Alyosha,Catch the Wind,=,=,=,--,=,++,++,=,=,=,--,11.268117759864378,0.3796362527635795
38,House Of Pain,Guess Who's Back,+,+,+,--,++,--,++,+,++,=,--,45.57584759239299,-0.402715082078495
39,Alejandra Guzman,¿Por Qué No Estás Aquí?,=,=,=,--,=,--,=,=,=,=,--,-20.81827253783525,0.4002943906116006
40,Bowling For Soup,Drinkin Beer on a Sunday,=,++,+,--,++,-,++,++,++,=,--,45.70813461001148,-0.44574346839618484
41,Foreign Air,Lonely World,=,+,=,--,=,+,++,=,=,=,--,-24.895054280177625,0.19657555026710546
42,Mother Mother,Bottom Is A Rock,=,+,=,--,++,--,=,+,++,=,--,-4.926943955471239,-0.011585815194455413
43,Stumbles,When I Call,=,++,=,--,++,-,++,=,=,=,--,-12.7207278386115,-0.32229469688015744
44,Scarlxrd,dx dead pexple dream?,+,+,=,--,=,--,=,+,-,=,--,-10.693692319096272,-0.3081130536820008
45,Madonna,Extreme Occident,+,=,=,--,=,--,++,=,-,=,--,15.23530222929691,0.5806521692116128
46,Migos,Where Were You,+,=,=,--,+,=,=,+,=,=,--,-25.738499697891037,0.20718852101267857
47,Taylor Swift,Crazier,=,=,=,--,=,--,++,=,-,=,--,-27.706410521018775,0.09992647488250583
48,Walker Montgomery,Just Say When,=,+,=,--,=,--,=,+,++,=,--,-10.730812423864371,-0.19683127613797463
49,88GLAM,Lavish,+,=,=,--,++,-,++,=,=,=,--,-0.7476543823214691,-0.08017022792171911
50,Toby Keith,The Sha La La Song,=,++,=,--,++,-,++,=,++,=,--,-5.755949356687418,-0.0344107789804138
51,Celly Cel,In The Bay,++,+,=,--,++,--,=,++,++,=,--,31.396372030654067,0.13312347748793982
52,Quality Control,"Mediterranean (Quality Control, Offset & Travis Scott)",++,+,=,--,++,--,=,+,+,=,--,-4.790238391473509,-0.15323151088672524
53,Journey,Don't Be Down On Me Baby,-,=,=,--,=,=,=,+,-,=,--,-33.7277802111154,-0.04348580706586138
54,Bloc Party,Selfish Son,-,+,=,--,+,--,++,=,=,=,--,9.198861123995837,0.459507511119265
55,The National,You Had Your Soul With You,=,++,=,--,++,--,++,=,=,=,--,-6.718854092469351,-0.0752518923865787
56,Rich The Kid,Racks On (feat. YoungBoy Never Broke Again),+,=,=,--,++,--,=,++,=,=,--,-2.573035657278502,-0.14374901279475985
57,Pearl Jam,Red Mosquito,-,+,=,--,+,=,++,++,=,=,--,12.562405039623123,0.4997703054340854
58,Dabin,Holding On,=,+,=,--,=,--,++,=,=,=,--,-15.738540740564238,-0.4302772879991535
59,Martin Garrix,There For You - Araatan Remix,=,=,=,--,++,=,++,=,++,=,--,49.140757180237934,0.730071741128792
60,Jack Johnson,"The Horizon Has Been Defeated / Mother and Child Reunion - Live At Bonnaroo, Manchester, Tennessee/2008",=,++,=,--,++,=,++,++,++,=,--,16.193430511225152,-0.3386297354427678
61,B.o.B,Summers Day,+,+,=,--,++,--,++,=,++,=,--,9.369968152902509,0.3901560710397144
62,Fana Hues,Icarus,=,=,=,--,+,--,++,+,=,=,--,5.57092669215522,0.10133377867116856
63,Amy Millan,Skinny Boy,-,+,=,--,=,--,++,++,+,=,--,-2.8072027098040198,0.16571284038970868
64,New West,Five Miles High,=,=,=,--,=,+,=,++,=,=,--,-20.773896132375995,0.481037523060069
65,Beastie Boys,Rhymin & Stealin,=,++,=,--,++,--,++,=,=,=,--,-8.516039911478467,-0.12826040591844032
66,Young Thug,Hercules,+,=,=,--,++,--,=,=,+,=,--,-13.791245169326897,-0.39654169184570487
67,Yungeen Ace,Step Harder,++,+,=,--,++,--,=,++,=,=,--,-5.696401492569755,-0.04482833845046387
68,FLETCHER,Princess,=,=,=,--,=,--,++,=,++,=,--,11.219743937589035,0.5575594395791961
69,Wu-Tang Clan,Impossible,=,=,=,--,++,--,++,++,+,=,--,30.881714616089827,-0.05962240225387651
70,Rascal Flatts,My Worst Fear,=,=,=,--,=,-,++,=,=,=,--,-18.583401485911587,0.5458605236775755
71,The Decemberists,Mistral,=,+,=,--,=,--,++,=,+,=,--,-21.61228928797705,0.4367261500204882
72,The Marshall Tucker Band,Heartbroke,=,+,+,--,++,++,=,++,++,=,--,45.33838342528775,-0.29346872149543335
73,Hole,Doll Parts,-,=,+,--,=,-,++,=,+,=,--,42.97064032626353,-0.35377053586615387
74,Jerry Reed,Love And War (Ain't Much Difference In The Two),=,++,=,--,++,++,=,=,++,=,--,35.59591371916914,0.4184118928005613
75,Futuristic,Get It Together,=,+,=,--,++,--,=,+,++,=,--,12.624285843175457,0.568760172082935
76,French Montana,That's A Fact (feat. Fivio Foreign & Mr. Swipey) - Remix,+,+,=,--,++,--,++,++,+,=,--,-10.400403352386865,-0.216692151197438
77,Jack Harlow,GOIN BACK DOWN,+,+,=,--,+,--,++,=,++,=,--,34.3479836396258,0.034219123442721065
78,Sonora Tropicana,Que Bello,+,=,+,--,++,=,++,=,++,=,--,43.37798316775534,-0.4819722326643723
79,Papadosio,2AM,=,++,=,--,++,--,++,++,=,=,--,9.959048318431899,0.49358246285768803
80,Robert Glasper,Persevere,=,+,=,--,++,-,++,=,++,=,--,7.788206288457628,0.2520082180793427
81,Spose,We Back (feat. Bensbeendead.),=,++,=,--,++,--,=,++,=,=,--,-12.779736029813467,-0.31103521127065903
82,Pusha T,S.N.I.T.C.H.,=,+,=,--,++,--,=,+,-,=,--,-0.5134944555823148,-0.062238903272444066
83,Bo Diddley,Bad Side Of The Moon,=,=,=,--,++,--,++,++,++,=,--,6.848045729509529,0.40236996524137875
84,Hippo Campus,Suicide Saturday,=,+,=,--,=,--,=,++,++,=,--,-4.841477099837504,0.09040412889888216
85,Tech N9ne,Outdone,=,=,=,--,++,++,=,++,++,=,--,5.3473129477901535,0.24828699554142758
86,Julieta Venegas,Antes,=,=,=,--,=,-,++,=,++,=,--,7.571881050050334,0.2636473136804094
87,Stiff Little Fingers,Die and Burn,=,++,+,--,=,--,++,-,+,=,--,46.631513292231105,-0.21783519970305634
88,Tayla Parx,Mood,=,=,=,--,++,--,++,=,=,=,--,41.13863654016286,0.5298632706030918
89,Spice Girls,Denying,=,+,=,--,++,-,=,=,++,=,--,29.456484624510296,0.25060816905234473
90,Playboi Carti,Yah Mean,+,+,=,--,++,--,=,=,++,=,--,2.239604209230508,0.1549955969766403
91,Simple Plan,Try,=,++,=,--,=,--,=,++,=,=,--,-8.670189231474664,-0.03716627477096293
92,Playa Limbo,Aún Pienso en Ti,=,=,=,--,=,+,++,+,+,=,--,-16.781193626834607,-0.5462709344348293
93,Jack White,Lazaretto,=,++,=,--,++,--,++,=,++,=,--,19.344915218511954,-0.1370963476181422
94,Sharon Tandy,Stay with Me,=,=,=,--,=,++,++,=,-,=,--,-38.034007751141566,-0.10056942854354553
95,Vito & The Salutations,Gloria,-,=,+,--,=,++,=,++,=,=,--,43.55500898895265,-0.4001710863665072
96,5 Seconds of Summer,The Only Reason,=,++,=,--,=,--,++,++,=,=,--,6.363685243050891,0.3449590804049618
97,Harry Styles,Golden,=,++,=,--,+,-,++,+,=,=,--,-20.89898744924007,0.4509784665949249
98,Bronze Radio Return,Nowhere to Be,=,+,=,--,=,+,++,+,++,=,--,8.233063817168391,0.20903769113243897
99,Spineshank,I Want You to Know,=,++,=,--,=,--,++,=,++,=,--,-5.7349454703941545,-0.004310419277711093
100,Tina Turner,Go Ahead,=,+,=,--,=,--,++,=,=,=,--,12.912266314295959,-0.34940945695542347
101,Wu-Tang Clan,Listen - Instrumental,+,=,=,--,+,--,++,=,++,=,--,13.477171946791575,0.615793143176063
102,Nidji,Airin,=,++,=,--,=,--,++,++,++,=,--,-10.131591500766277,-0.15518472982203882
103,Night Ranger,Revelation,=,++,=,--,+,--,++,++,+,=,--,9.55241648974001,0.3903220187902983
104,KMFDM,Binge Boil & Blow,-,++,=,--,++,--,++,=,=,=,--,-6.139341987779874,0.03748731367687576
105,Steve Aoki,Eevos Atik foes ireht,=,=,=,--,=,++,++,=,--,=,--,-33.7264857917378,0.052478929826663065
106,Bon Jovi,These Days,=,++,=,--,=,--,=,=,=,=,--,-29.321217192561676,0.07820805940149177
107,Jon Spencer,All Shook Up,=,++,=,--,++,=,++,=,++,=,--,-0.27364706537032313,0.13089096670712572
108,Blac Youngsta,School,+,+,=,--,++,-,=,+,+,=,--,-0.7362871759444303,0.24604807304391035
109,Rebelution,Outta Control,+,+,=,--,++,--,++,=,++,=,--,19.338580615765384,-0.2526058084541302
110,The Jam,London Girl - John Peel Session,-,++,=,--,++,--,++,++,=,=,--,1.385073971440506,0.12815538947898933
111,Oasis,Gas Panic!,=,+,=,--,=,--,++,++,=,=,--,-12.65016699304175,-0.39407832175692037
112,Sia,Eye of the Needle,=,+,=,--,++,-,=,=,=,=,--,-16.327563732840975,0.5271731204365009
113,YoungBoy Never Broke Again,Lil Top,+,+,=,--,++,--,=,++,++,=,--,7.325251990032621,0.2424601293037073
114,MISSIO,I Don't Give A... (feat. Zeale),=,+,=,--,+,--,++,=,-,=,--,-19.545132487239623,0.385839374488274
115,Cleo Sol,Rewind,=,=,=,--,+,++,++,++,++,=,--,-4.862490916651471,-0.07627751477648742
116,Yungeen Ace,Life I'm Livin,+,+,=,--,++,--,=,=,++,=,--,-9.631857468491406,-0.10668383012506168
117,Faith No More,Just a Man - 2016 Remaster,=,++,=,--,=,--,++,++,++,=,--,-8.865742142052714,-0.27370261564437687
118,Yo Gotti,Bag,++,=,=,--,++,--,=,++,++,=,--,-5.666790084979007,-0.112860053321269
119,Guns N' Roses,There Was A Time,-,++,=,--,++,--,++,=,+,=,--,19.288314821829672,-0.39594084306732447
120,L.A Money,Drip Drip,=,+,=,--,++,-,=,++,=,=,--,-7.9430216161742,-0.0016556765697303486
121,Big Something,Club Step,-,++,=,--,=,--,++,+,=,=,--,-11.501744522595123,-0.3318467788832381
122,Belanova,Paso El Tiempo,=,++,=,--,++,--,++,=,=,=,--,-21.786323921473713,0.39954273792929135
123,Dr. Dog,Humble Passenger,=,++,=,--,++,+,++,++,=,=,--,-32.745033998049514,0.03039285659919292
124,Chris Brown,Proof,=,+,=,--,++,=,=,++,++,=,--,-4.966954381042731,-0.23477414472107883
125,Young Nudy,Marathon,+,+,=,--,++,-,=,+,+,=,--,-16.6628119762439,-0.4482253384445796
126,Plies,Power Couple,+,=,=,--,++,=,=,+,++,=,--,-1.6007313303226738,0.05171559742618689
127,Trey Songz,Automatic (feat. O.T. Genasis & Shy Glizzy),+,+,=,--,++,--,=,++,=,=,--,-10.691257527879772,-0.3711286914045705
128,Jerrod Niemann,I Ain't All There,=,+,=,--,=,-,=,++,++,=,--,-12.703947242350557,-0.17760240127330673
129,Marvin Sapp,Sweeter As the Days Go By,=,++,=,--,++,=,++,=,++,=,--,15.25218785593452,0.6569734393460632
130,Richie Rich,Drought,+,+,=,--,++,--,=,++,++,=,--,7.904729589245741,0.37282272017177964
131,Whitney Houston,I Learned from the Best,=,=,=,--,=,--,++,++,=,=,--,-11.753725840217138,-0.4294712593566379
132,Moneybagg Yo,Spin On Em (feat. Fredo Bang),+,+,=,--,++,--,=,++,++,=,--,15.185216694930254,0.6273203918688834
133,The Style Council,With Everything To Lose,=,++,=,--,++,=,++,-,++,=,--,15.167785244983405,-0.28789922816813235
134,STEELHEART,WE ALL DIE YOUNG,=,=,=,--,=,--,++,=,-,=,--,13.46389953686805,-0.5882175600177942
135,Pete Molinari,Love for Sale,=,=,=,--,=,--,++,++,=,=,--,18.08118910744961,-0.4814933693721821
136,Mother Mother,Dance And Cry,=,++,=,--,++,--,++,=,+,=,--,-16.62630636151939,-0.405048370919595
137,William Murphy,God's Foundation,=,++,+,--,++,--,++,++,++,=,--,37.467207304682354,-0.6597605066629848
138,The Underwater,The First Shot,=,++,=,--,=,--,++,=,++,=,--,-13.760108695838152,-0.3557272724648336
139,Billy Currington,Lucille,=,=,=,--,=,+,=,++,=,=,--,-21.198659053644118,-0.5411634351535578
140,Killing Joke,Ghosts Of Ladbroke Grove,=,++,=,--,++,--,=,=,=,=,--,-21.751295137318532,0.4089164508116703
141,JR JR,All Around You,=,++,=,--,++,--,++,++,++,=,--,10.278476745239805,-0.4664007338681288
142,Martina McBride,Low All Afternoon,=,=,=,--,=,++,=,=,+,=,--,-39.64158228691863,-0.181589022016118
143,Ryan Bingham,Keep It Together,=,++,=,--,=,--,++,+,+,=,--,-26.004037849352176,0.3128486723141696
144,Tony Hussle,In This House - Radio Version,=,=,=,--,+,-,++,++,+,=,--,-12.831930540010507,-0.47369881073094705
145,にしな,ランデブー,=,+,=,--,=,--,++,+,++,=,--,9.436601654972446,-0.6031885412749434
146,FEVER 333,We're Coming In,+,++,=,--,++,--,++,++,++,=,--,14.353156187731097,0.5464683708842034
147,Migos,Playa Playa,+,=,=,--,++,--,=,=,=,=,--,11.474998201259705,-0.48935083373549815
148,9lokknine,Blatt,=,++,=,--,++,--,=,++,++,=,--,-0.6761788473186786,0.017252214792701517
149,Akari Kaida,Game Over,=,++,=,--,++,--,++,++,+,=,--,-8.717843072113986,-0.08927602610823919
150,The Jayhawks,Backwards Women,=,+,=,--,=,-,++,=,++,=,--,-30.21929761848555,0.09435654088231728
151,glaive,pissed,=,+,=,--,++,--,=,++,=,=,--,16.116938207782695,0.6665867543862577
152,B.B. King,Neighborhood Affair,=,=,=,--,=,=,=,++,++,=,--,21.752652997974053,0.8812293835400709
153,Skip Marley,Lions,=,+,=,--,=,--,=,++,-,=,--,-40.81171083448435,-0.1932067717069067
154,Gorilla Zoe,I FEEL YA,=,+,=,--,++,--,++,++,-,=,--,-10.808347124549503,-0.08190245092075563
155,The Clash,Last Gang in Town - Remastered,=,++,=,--,++,--,=,=,+,=,--,-12.023520367796502,-0.31465649664318823
156,Taylor Swift,Lover (feat. Shawn Mendes) - Remix,=,+,+,--,++,=,=,++,+,=,--,44.58459104780085,-0.20347876721379599
157,Mandy Moore,Willin’,=,+,=,--,=,--,=,+,=,=,--,-22.83453704596994,0.221297457294966
158,Craig Morgan,The Mask,=,+,=,--,=,+,=,=,++,=,--,-18.80158915874257,-0.4452193421396507
159,Del The Funky Homosapien,Sleepin' on My Couch,+,+,=,--,++,--,++,++,++,=,--,31.916252647550838,-0.015450467479583134
160,Julieta Venegas,Salvavidas,+,+,=,--,=,--,++,++,++,=,--,-12.620863205285945,-0.37436632327775643
161,Boyzone,Nobody Knows,=,+,=,--,=,=,=,++,+,=,--,11.073256235093833,0.6570896742540036
162,Accept,Kill the Pain,=,++,=,--,=,--,++,++,=,=,--,-22.78264267163036,0.3948279307452726
163,Ludacris,U Got A Problem?,=,++,=,--,++,--,++,+,++,=,--,1.9229581867927623,0.31452143629563434
164,Art vs Science,Hollywood,=,++,=,--,=,--,++,+,=,=,--,-37.38053971627813,-0.12294422473985638
165,Chubby Checker,Teach Me To Twist,=,+,=,--,=,-,=,++,++,=,--,4.516347224298976,0.3200163808213848
166,The National Parks,Come Closer,=,+,=,--,=,--,++,++,+,=,--,-20.72678490651905,0.36495701036670275
167,Barrington Levy,My Bible,++,=,=,--,++,--,++,=,=,=,--,13.85610460577193,-0.5740501675277505
168,Solence,Animal In Me,=,++,=,--,++,--,++,++,++,=,--,-12.645396494180108,-0.22071896169846197
169,YOUNG CAPO,Never Change,=,+,=,--,++,=,=,++,-,=,--,-23.757512303635266,0.2273948146555734
170,Greg Phillinganes,Lazy Nina,=,=,+,--,++,--,=,-,++,=,--,41.4471776062679,-0.5969146368173208
171,Wiz Khalifa,Karate (feat. Chevy Woods) / Never Hesitate (feat. Darrius Willrich),=,+,=,--,++,--,=,++,++,=,--,3.034155730526549,0.3084208301812059
172,Kylie Minogue,Your Disco Needs You,=,++,=,--,++,=,++,++,+,=,--,-34.698936849298704,-0.03613249185675454
173,Friyie,Paper Cuts,=,=,=,--,++,=,=,=,+,=,--,12.339515396201328,-0.6370345198002534
174,T.I.,Big Ol Drip (feat. WATCH THE DUCK),=,+,=,--,++,=,=,++,++,=,--,32.996992900221336,0.4014243857501898
175,Medeiros,If I Knew,=,=,=,--,=,=,=,=,=,=,--,3.33921835247428,-0.6940722513666335
176,graves,Glass Hearts (How Much You Mean),=,++,=,--,++,-,=,++,+,=,--,-15.813021395104904,0.5940922202682554
177,Iced Earth,Framing Armageddon,=,++,=,--,++,--,++,=,--,=,--,25.567395850999034,-0.07268108430162006
178,William Black,Drown the Sky,=,+,=,--,=,=,=,=,=,=,--,-15.85976976191136,-0.23459025691058302
179,Editors,You Don't Know Love,=,+,=,--,=,--,++,++,++,=,--,-31.79963228882594,0.0953733947487918
180,Doc Watson,The Blue Ridge Mountain Blues,-,=,=,--,=,++,++,++,++,=,--,42.58965431496633,0.5697991583945575
181,PawPaw Rod,HIT EM WHERE IT HURTS,+,+,=,--,++,-,++,=,++,=,--,17.3365528662391,-0.17078775744207425
182,Andre Nickatina,Pick-Cha,++,+,=,--,++,--,=,++,++,=,--,11.495844714277823,0.5317149004705305
183,Andre Nickatina,Pick-cha,++,+,=,--,++,--,=,++,++,=,--,11.462566414625359,0.5332839659774709
184,The Game,Life,=,++,=,--,++,--,=,++,++,=,--,11.064528438309233,-0.5564040209043773
185,Marianas Trench,Only the Lonely Survive,=,++,=,--,++,--,=,=,+,=,--,-32.67952083735441,0.0179257874238385
186,Bayside,Choice Hops And Bottled Self Esteem,=,++,=,--,++,--,++,=,=,=,--,-10.736057619096313,-0.2726423086115831
187,Lisa Stansfield,I Cried My Last Tear Last Night,=,=,=,--,++,=,++,++,+,=,--,27.15772641020585,0.25373450090019123
188,Ha*Ash,Un Beso Tuyo,=,+,=,--,=,--,++,=,+,=,--,-10.941575245525264,-0.0729832938427905
189,K.A.A.N.,Jazz,=,++,=,--,++,=,=,++,++,=,--,13.344038143210863,-0.5263820109806573
190,Beenie Man,Trus Me,+,+,+,--,++,=,=,++,++,=,--,35.22735591987331,-0.6990108658750298
191,Two Door Cinema Club,This Is the Life,=,++,=,--,++,--,++,=,+,=,--,-24.73506316903619,0.22986998159465472
192,Spice 1,Politicin',+,+,=,--,++,--,=,=,++,=,--,13.292174486072673,-0.40368207698866604
193,The Stooges,Dirt - Take 5,=,+,=,--,=,--,++,=,++,=,--,-12.206366694698309,-0.4139669982979285
194,Evie Irie,Stupid Things,=,+,=,--,+,--,++,++,+,=,--,-18.690772001669853,-0.5474417121685778
195,Marianas Trench,Only The Lonely Survive,=,++,=,--,++,--,=,+,+,=,--,-32.68327747333883,0.016805596255430166
196,The Offspring,Nitro (Youth Energy),=,++,=,--,++,--,=,+,++,=,--,-2.117685630712907,-0.025592248546153298
197,Hunter Hayes,Love Too Much,=,=,=,--,=,-,=,+,=,=,--,-16.067046837335045,-0.5774416055864822
198,Sara Bareilles,Hold My Heart,=,+,=,--,=,--,++,=,+,=,--,-14.938968421499801,0.6301112249191627
199,Secondhand Serenade,Hear Me Now,-,+,=,--,+,--,++,++,=,=,--,-18.78308136748097,-0.41392397334903697
200,Sean Paul,Mek It Go So Den,+,++,=,--,++,=,=,++,++,=,--,15.55900401246266,-0.44545915424664645
201,Dr. Israel,Time,+,++,=,--,++,+,++,=,++,=,--,11.400443780283156,0.5721646673242554
202,Colony House,Take It Slow,-,++,=,--,++,--,++,=,++,=,--,14.275179259073202,0.5793998601397476
203,Ricky Skaggs,"Cry, Cry Darlin'",-,=,+,--,=,++,++,++,++,=,--,39.27397408008032,-0.4180063977222586
204,YNW Melly,Killuminati (feat. Foreign Teck),=,=,=,--,++,=,=,++,++,=,--,11.474282117033724,-0.6296566546222934
205,The Delfonics,Break Your Promise - Rerecorded,=,=,=,--,=,+,++,++,++,=,--,-4.804408676108867,-0.2450711596959883
206,Fuskee,These Days,+,=,=,--,++,--,=,=,++,=,--,-0.7877939776732968,0.269517380960969
207,Foals,Red Socks Pugie,=,++,=,--,=,-,++,=,=,=,--,-3.716415656937007,-0.2054608871757868
208,Big & Rich,That Kind of Town,=,++,=,--,=,--,++,=,+,=,--,-35.805350476455864,-0.029710835656908546
209,Sara Bareilles,Little Voice,=,-,+,--,=,++,++,=,-,=,--,42.863527790933325,-0.4090022429775255
210,Wale,Vanity,=,++,=,--,++,-,=,++,++,=,--,-16.47448307118319,-0.336378592319243
211,John Mayall & The Bluesbreakers,Padlock On The Blues,=,=,=,--,=,--,++,=,=,=,--,-18.247298701298423,-0.4011174769678966
212,Bill Haley & His Comets,"Shake, Rattle And Roll",+,++,=,--,++,-,=,++,++,=,--,7.4058345465555675,0.19742517011092392
213,AFI,...but home is nowhere,-,+,=,--,++,--,++,=,=,=,--,14.292540661797167,-0.21849416791407655
214,Pearl Jam,Help Help,-,+,=,--,=,--,++,++,=,=,--,18.74903885570785,0.6978942093790628
215,Descendents,Alive - Hidden Track,-,++,=,--,=,--,=,=,+,=,--,-28.11934594381685,0.2215942629065846
216,Hardtimes,Ouda,=,=,=,--,=,--,++,+,=,=,--,11.289080182212738,-0.31498792622760174
217,Nipsey Hussle,Keyz 2 the City 2 (feat. TeeFlii),=,=,=,--,++,--,=,++,=,=,--,-19.272119837701265,0.4312655836118277
218,Yo La Tengo,Raw Power,-,++,=,--,=,--,++,=,++,=,--,-2.656924186013859,0.17814834751848593
219,Queens of the Stone Age,The Bronze (Bonus Track),=,++,=,--,++,--,++,=,=,=,--,-1.454500063728602,0.25772812957465374
220,KRS-One,Rappaz R. N. Dainja,+,++,=,--,++,--,++,++,++,=,--,13.908230280490757,-0.33570328231354424
221,Nas,The Message,+,=,=,--,++,--,++,++,++,=,--,17.73902644875805,0.5450858454513066
222,Filter,Take That Knife Out Of My Back,=,++,=,--,=,--,++,++,+,=,--,3.219673314946654,0.330223730695948
223,What So Not,If You Only Knew - Daktyl Remix,+,=,=,--,++,=,++,=,++,=,--,-17.702201736998482,0.4438150872588858
224,Smino,Flea Flicka,=,=,+,--,++,++,=,=,++,=,--,35.7603647052701,-0.7722592567506202
225,Marilyn Manson,I Want To Kill You Like They Do In the Movies,=,++,=,--,=,--,++,++,+,=,--,-31.74221278842918,0.015321756107892624
226,The Orlons,Cement Mixer,=,+,=,--,++,--,=,+,++,=,--,13.465828054998116,0.5079915132191004
227,Muzz,Knuckleduster,-,++,=,--,++,=,++,=,=,=,--,7.9259573530023415,0.4096337919592789
228,Black Label Society,The Betrayal,=,++,=,--,=,--,++,++,=,=,--,-27.745181058171696,0.28927546944252414
229,GRiZ,A New Day,=,+,=,--,++,--,=,++,++,=,--,-10.64978458414535,-0.3666054739721958
230,Racey,Little Girls,=,++,=,--,=,=,=,++,++,=,--,15.966390863295711,-0.45072302854185475
231,Dean Alexander,Life Ain't Fair,=,=,=,--,=,-,=,+,=,=,--,-22.7989291852985,0.18219807066587693
232,Rauw Alejandro,Mis Días Sin Ti,=,=,=,--,++,=,=,=,=,=,--,19.140379920640772,0.8894447915851672
233,Pavement,Baptist Blacktick,=,++,=,--,+,--,++,=,++,=,--,-15.46896955945573,-0.3615966843304703
234,Diplo,Revolution (feat. Faustix & Imanos and Kai),=,+,=,--,+,--,++,=,=,=,--,-12.694114065007959,-0.3426586353061219
235,Lil Durk,Pass The Water,+,+,=,--,++,--,=,++,++,=,--,-0.7333195286148697,0.2514803184247824
236,UFO,Young Blood,=,+,=,--,=,--,++,++,++,=,--,-36.365397585972296,-0.15584787389128207
237,Joyner Lucas,Keep It 100,=,++,=,--,++,=,=,+,++,=,--,9.836906333060242,-0.5704202634781482
238,Classified,Hurt Everybody,+,++,=,--,++,-,=,++,=,=,--,-32.89633546859614,-0.06961707588601587
239,Marilyn Manson,1996,-,++,=,--,++,--,++,+,--,=,--,7.2980713631655165,0.4829857706018309
240,Chalk Dinosaur,Soup Bones,=,++,=,--,++,--,++,=,++,=,--,31.32100103794693,0.009977432372739521
241,Kulick,Rope,=,++,=,--,++,--,=,++,++,=,--,7.240114163848747,0.4715433258469929
242,Bulletboys,Mine,-,=,=,--,=,--,++,++,=,=,--,17.955670607689335,-0.5127483011342289
243,Mystic Roots Band,Come Over,+,+,=,--,++,--,++,++,++,=,--,9.147464861148901,-0.6312668952602648
244,Travis Tritt,The Girl's Gone Wild,=,++,=,--,++,--,=,++,++,=,--,5.741518710018198,0.41149607212508316
245,Hot Shade,Dive,+,++,=,--,+,--,=,+,+,=,--,-36.77373315049901,-0.1506560829105075
246,Olivia O'Brien,Was It All In My Head?,=,+,=,--,=,--,=,++,++,=,--,-18.660589023923343,0.3921756827749251
247,Eskimo Joe,How Does It Feel,=,+,=,--,=,--,++,=,-,=,--,9.152351937916013,-0.4042336340100787
248,Priscilla Block,Just About Over You,=,=,=,--,=,+,=,=,++,=,--,-10.704929875775575,0.7320078744030968
249,Lost Kings,FU4E,+,+,=,--,=,-,++,++,++,=,--,-14.692704923118743,-0.32479265132562124
